"Characteristic","Category","Quality ANC % (95% CI)","P-value"
"Education Level","No education","10.7 (5.2 - 16.3)","<0.001"
"","Primary incomplete","9.5 (6.8 - 12.2)",""
"","Primary complete","14.2 (11.1 - 17.3)",""
"","Secondary incomplete","18.1 (16.1 - 20.1)",""
"","Secondary and Higher","31.5 (28.5 - 34.4)",""
"Mother's Age","<20","14.9 (11.9 - 17.8)","0.00329"
"","20-34","21.2 (19.4 - 23)",""
"","35-49","22.2 (17.3 - 27)",""
"Residence","Urban","31 (27.5 - 34.6)","<0.001"
"","Rural","16.5 (14.8 - 18.2)",""
"Phone Ownership","Don't have phone","10.6 (8.7 - 12.4)","<0.001"
"","Have phone","24.6 (22.7 - 26.6)",""
"Wealth Quintile","Poorest","7.9 (6.2 - 9.7)","<0.001"
"","Poorer","13.1 (10.7 - 15.5)",""
"","Middle","18.4 (15.6 - 21.1)",""
"","Richer","26.3 (23.1 - 29.5)",""
"","Richest","38.6 (34.6 - 42.7)",""
"Division","Barishal","17.2 (13.9 - 20.5)","<0.001"
"","Chattogram","18.9 (15.2 - 22.7)",""
"","Dhaka","26 (22.1 - 29.8)",""
"","Khulna","21.1 (16.7 - 25.4)",""
"","Mymensingh","23.1 (18.2 - 28)",""
"","Rajshahi","20.3 (15.5 - 25.1)",""
"","Rangpur","13.9 (11 - 16.8)",""
"","Sylhet","13.9 (10.6 - 17.2)",""
